{
	"parent": "simplehats:item/hatparent",
	"texture_size": [64, 64],
	"textures": {
		"0": "simplehats:item/hats/dragonhead"
	},
	"elements": [
		{
			"from": [-0.04, 0.18718, 0.55],
			"to": [16.04, 14.92718, 15.29],
			"rotation": {"angle": 0, "axis": "y", "origin": [-2.72, 0.18718, -3.476]},
			"faces": {
				"north": {"uv": [0.008, 0.008, 2.992, 2.742], "texture": "#0", "tintindex": 0},
				"east": {"uv": [0.008, 5.508, 2.742, 8.242], "texture": "#0", "tintindex": 0},
				"south": {"uv": [0.008, 2.758, 2.992, 5.492], "texture": "#0", "tintindex": 0},
				"west": {"uv": [2.758, 5.758, 5.492, 8.492], "texture": "#0", "tintindex": 0},
				"up": {"uv": [5.992, 5.742, 3.008, 3.008], "texture": "#0", "tintindex": 0},
				"down": {"uv": [5.992, 0.008, 3.008, 2.742], "texture": "#0", "tintindex": 0}
			}
		},
		{
			"from": [2.64, 0.18718, -11.51],
			"to": [13.36, 9.56718, 0.55],
			"rotation": {"angle": 0, "axis": "y", "origin": [-0.04, 0.18718, -3.47]},
			"faces": {
				"north": {"uv": [7.508, 7.508, 9.492, 9.242], "texture": "#0", "tintindex": 0},
				"east": {"uv": [6.008, 2.258, 8.242, 3.992], "texture": "#0", "tintindex": 0},
				"south": {"uv": [7.508, 5.758, 9.492, 7.492], "texture": "#0", "tintindex": 0},
				"west": {"uv": [6.008, 4.008, 8.242, 5.742], "texture": "#0", "tintindex": 0},
				"up": {"uv": [7.492, 7.992, 5.508, 5.758], "texture": "#0", "tintindex": 0},
				"down": {"uv": [7.992, 0.008, 6.008, 2.242], "texture": "#0", "tintindex": 0}
			}
		},
		{
			"from": [3.98, 0.59939, -7.32743],
			"to": [12.02, 9.30939, -2.77143],
			"rotation": {"angle": 45, "axis": "x", "origin": [-8.08, 2.60939, 3.39257]},
			"faces": {
				"north": {"uv": [5.508, 8.008, 6.992, 9.742], "texture": "#0", "tintindex": 0},
				"east": {"uv": [2.508, 8.508, 3.242, 10.242], "texture": "#0", "tintindex": 0},
				"south": {"uv": [8.008, 0.008, 9.492, 1.742], "texture": "#0", "tintindex": 0},
				"west": {"uv": [3.258, 8.508, 3.992, 10.242], "texture": "#0", "tintindex": 0},
				"up": {"uv": [10.992, 0.742, 9.508, 0.008], "texture": "#0", "tintindex": 0},
				"down": {"uv": [10.992, 0.758, 9.508, 1.492], "texture": "#0", "tintindex": 0}
			}
		},
		{
			"from": [0.094, 13.948, 4.838],
			"to": [5.454, 20.648, 11.538],
			"rotation": {"angle": 45, "axis": "x", "origin": [3.31, 16.36, 5.24]},
			"faces": {
				"north": {"uv": [8.258, 4.258, 9.242, 5.492], "texture": "#0", "tintindex": 0},
				"east": {"uv": [0.008, 8.258, 1.242, 9.492], "texture": "#0", "tintindex": 0},
				"south": {"uv": [4.008, 8.508, 4.992, 9.742], "texture": "#0", "tintindex": 0},
				"west": {"uv": [1.258, 8.258, 2.492, 9.492], "texture": "#0", "tintindex": 0},
				"up": {"uv": [7.992, 10.492, 7.008, 9.258], "texture": "#0", "tintindex": 0},
				"down": {"uv": [8.992, 9.258, 8.008, 10.492], "texture": "#0", "tintindex": 0}
			}
		},
		{
			"from": [0.094, 20.648, 4.838],
			"to": [4.114, 27.348, 8.858],
			"rotation": {"angle": 45, "axis": "x", "origin": [3.31, 16.36, 5.24]},
			"faces": {
				"north": {"uv": [9.508, 1.508, 10.242, 2.742], "texture": "#0", "tintindex": 0},
				"east": {"uv": [9.508, 2.758, 10.242, 3.992], "texture": "#0", "tintindex": 0},
				"south": {"uv": [9.508, 5.508, 10.242, 6.742], "texture": "#0", "tintindex": 0},
				"west": {"uv": [9.508, 6.758, 10.242, 7.992], "texture": "#0", "tintindex": 0},
				"up": {"uv": [6.992, 10.492, 6.258, 9.758], "texture": "#0", "tintindex": 0},
				"down": {"uv": [10.742, 10.008, 10.008, 10.742], "texture": "#0", "tintindex": 0}
			}
		},
		{
			"from": [11.886, 20.648, 4.838],
			"to": [15.906, 27.348, 8.858],
			"rotation": {"angle": 45, "axis": "x", "origin": [3.31, 16.36, 5.24]},
			"faces": {
				"north": {"uv": [9.508, 8.008, 10.242, 9.242], "texture": "#0", "tintindex": 0},
				"east": {"uv": [4.008, 9.758, 4.742, 10.992], "texture": "#0", "tintindex": 0},
				"south": {"uv": [4.758, 9.758, 5.492, 10.992], "texture": "#0", "tintindex": 0},
				"west": {"uv": [5.508, 9.758, 6.242, 10.992], "texture": "#0", "tintindex": 0},
				"up": {"uv": [10.742, 9.992, 10.008, 9.258], "texture": "#0", "tintindex": 0},
				"down": {"uv": [2.742, 10.258, 2.008, 10.992], "texture": "#0", "tintindex": 0}
			}
		},
		{
			"from": [0.429, 11.92372, 13.44305],
			"to": [4.449, 15.94372, 20.14305],
			"rotation": {"angle": -22.5, "axis": "x", "origin": [8, 14.93872, 17.46305]},
			"faces": {
				"north": {"uv": [10.742, 10.008, 10.008, 10.742], "rotation": 180, "texture": "#0", "tintindex": 0},
				"east": {"uv": [9.508, 2.758, 10.242, 3.992], "rotation": 270, "texture": "#0", "tintindex": 0},
				"south": {"uv": [6.992, 10.492, 6.258, 9.758], "texture": "#0", "tintindex": 0},
				"west": {"uv": [9.508, 6.758, 10.242, 7.992], "rotation": 90, "texture": "#0", "tintindex": 0},
				"up": {"uv": [9.508, 1.508, 10.242, 2.742], "rotation": 180, "texture": "#0", "tintindex": 0},
				"down": {"uv": [9.508, 5.508, 10.242, 6.742], "texture": "#0", "tintindex": 0}
			}
		},
		{
			"from": [11.551, 11.92372, 13.44305],
			"to": [15.571, 15.94372, 20.14305],
			"rotation": {"angle": -22.5, "axis": "x", "origin": [8, 14.93872, 17.46305]},
			"faces": {
				"north": {"uv": [2.742, 10.258, 2.008, 10.992], "rotation": 180, "texture": "#0", "tintindex": 0},
				"east": {"uv": [4.008, 9.758, 4.742, 10.992], "rotation": 270, "texture": "#0", "tintindex": 0},
				"south": {"uv": [10.742, 9.992, 10.008, 9.258], "texture": "#0", "tintindex": 0},
				"west": {"uv": [5.508, 9.758, 6.242, 10.992], "rotation": 90, "texture": "#0", "tintindex": 0},
				"up": {"uv": [9.508, 8.008, 10.242, 9.242], "rotation": 180, "texture": "#0", "tintindex": 0},
				"down": {"uv": [4.758, 9.758, 5.492, 10.992], "texture": "#0", "tintindex": 0}
			}
		},
		{
			"from": [10.546, 13.948, 4.838],
			"to": [15.906, 20.648, 11.538],
			"rotation": {"angle": 45, "axis": "x", "origin": [3.31, 16.36, 5.24]},
			"faces": {
				"north": {"uv": [9.008, 9.258, 9.992, 10.492], "texture": "#0", "tintindex": 0},
				"east": {"uv": [8.258, 1.758, 9.492, 2.992], "texture": "#0", "tintindex": 0},
				"south": {"uv": [9.258, 4.258, 10.242, 5.492], "texture": "#0", "tintindex": 0},
				"west": {"uv": [8.258, 3.008, 9.492, 4.242], "texture": "#0", "tintindex": 0},
				"up": {"uv": [0.992, 10.742, 0.008, 9.508], "texture": "#0", "tintindex": 0},
				"down": {"uv": [1.992, 9.508, 1.008, 10.742], "texture": "#0", "tintindex": 0}
			}
		}
	],
	"display": {
		"thirdperson_righthand": {
			"scale": [0.35, 0.35, 0.35]
		},
		"thirdperson_lefthand": {
			"scale": [0.35, 0.35, 0.35]
		},
		"firstperson_righthand": {
			"rotation": [0, 135, 0],
			"translation": [2.5, 1.5, 0],
			"scale": [0.5, 0.5, 0.5]
		},
		"firstperson_lefthand": {
			"rotation": [0, 135, 0],
			"translation": [2.5, 1.5, 0],
			"scale": [0.5, 0.5, 0.5]
		},
		"ground": {
			"scale": [0.5, 0.5, 0.5]
		},
		"gui": {
			"rotation": [35, -135, 0],
			"translation": [-0.75, 0, 0],
			"scale": [0.4, 0.4, 0.4]
		},
		"fixed": {
			"scale": [1, 1, 0.03]
		}
	},
	"groups": [
		{
			"name": "bluedragonhead",
			"origin": [8, 8, 8],
			"color": 0,
			"children": [
				{
					"name": "group",
					"origin": [8, 8, 8],
					"color": 0,
					"children": [0, 1, 2]
				},
				{
					"name": "group",
					"origin": [8, 8, 8],
					"color": 0,
					"children": [3, 4, 5, 6, 7, 8]
				}
			]
		}
	]
}