{
	"parent": "simplehats:item/hatparent",
	"textures": {
		"0": "simplehats:item/hats/rgbbigribbon"
	},
	"elements": [
		{
			"from": [9.875, -3, 8.025],
			"to": [18.875, 6, 8.15],
			"rotation": {"angle": 22.5, "axis": "y", "origin": [12.375, 2, 8.0875]},
			"faces": {
				"north": {"uv": [0.016, 0.016, 4.484, 4.484], "texture": "#0", "tintindex": 0},
				"east": {"uv": [11.016, 0.016, 11.484, 3.984], "texture": "#0", "tintindex": 0},
				"south": {"uv": [0.016, 4.516, 4.484, 8.984], "texture": "#0", "tintindex": 0},
				"west": {"uv": [12.516, 11.016, 12.984, 14.984], "texture": "#0", "tintindex": 0},
				"up": {"uv": [14.484, 9.484, 10.016, 9.016], "texture": "#0", "tintindex": 0},
				"down": {"uv": [14.484, 9.516, 10.016, 9.984], "texture": "#0", "tintindex": 0}
			}
		},
		{
			"from": [9.875, -3, 10.0539],
			"to": [18.875, 6, 10.1789],
			"rotation": {"angle": -22.5, "axis": "y", "origin": [12.375, 2, 10.1164]},
			"faces": {
				"north": {"uv": [4.484, 4.516, 0.016, 8.984], "texture": "#0", "tintindex": 0},
				"east": {"uv": [15.516, 0.016, 15.984, 4.484], "texture": "#0", "tintindex": 0},
				"south": {"uv": [4.484, 0, 0.016, 4.468], "texture": "#0", "tintindex": 0},
				"west": {"uv": [12.516, 11.016, 12.984, 14.984], "texture": "#0", "tintindex": 0},
				"up": {"uv": [14.484, 10.484, 10.016, 10.016], "texture": "#0", "tintindex": 0},
				"down": {"uv": [14.484, 10.516, 10.016, 10.984], "texture": "#0", "tintindex": 0}
			}
		},
		{
			"from": [18.38362, -3, 5.63853],
			"to": [18.50862, 6, 12.58853],
			"rotation": {"angle": 0, "axis": "y", "origin": [14.77112, 2, 9.68853]},
			"faces": {
				"north": {"uv": [15.516, 0.016, 15.984, 4.484], "texture": "#0", "tintindex": 0},
				"east": {"uv": [0.016, 9.016, 3.484, 13.484], "texture": "#0", "tintindex": 0},
				"south": {"uv": [15.516, 0.016, 15.984, 4.484], "texture": "#0", "tintindex": 0},
				"west": {"uv": [3.516, 9.016, 6.984, 13.484], "texture": "#0", "tintindex": 0},
				"up": {"uv": [11.984, 3.484, 11.516, 0.016], "texture": "#0", "tintindex": 0},
				"down": {"uv": [11.984, 3.516, 11.516, 6.984], "texture": "#0", "tintindex": 0}
			}
		},
		{
			"from": [6, 0, 7.675],
			"to": [10, 3, 10.675],
			"rotation": {"angle": 0, "axis": "y", "origin": [13.89612, 2, 9.33853]},
			"faces": {
				"north": {"uv": [9.016, 0.016, 10.984, 1.484], "texture": "#0", "tintindex": 0},
				"east": {"uv": [10.016, 6.016, 11.484, 7.484], "texture": "#0", "tintindex": 0},
				"south": {"uv": [9.016, 0.016, 10.984, 1.484], "texture": "#0", "tintindex": 0},
				"west": {"uv": [10.016, 7.516, 11.484, 8.984], "texture": "#0", "tintindex": 0},
				"up": {"uv": [10.984, 4.484, 9.016, 3.016], "texture": "#0", "tintindex": 0},
				"down": {"uv": [10.984, 4.516, 9.016, 5.984], "texture": "#0", "tintindex": 0}
			}
		},
		{
			"from": [8.125, -12.925, 9.65],
			"to": [11.125, -0.925, 9.9],
			"rotation": {"angle": 45, "axis": "z", "origin": [7.5, -2, 16.8]},
			"faces": {
				"north": {"uv": [12.516, 0.016, 13.984, 6.484], "texture": "#0", "tintindex": 0},
				"east": {"uv": [9.016, 6.016, 9.484, 10.984], "texture": "#0", "tintindex": 0},
				"south": {"uv": [13.984, 0.016, 12.516, 6.484], "texture": "#0", "tintindex": 0},
				"west": {"uv": [9.516, 6.016, 9.984, 10.984], "texture": "#0", "tintindex": 0},
				"up": {"uv": [12.484, 7.484, 11.516, 7.016], "texture": "#0", "tintindex": 0},
				"down": {"uv": [12.484, 7.516, 11.516, 7.984], "texture": "#0", "tintindex": 0}
			}
		},
		{
			"from": [-2.875, -3, 8.025],
			"to": [6.125, 6, 8.15],
			"rotation": {"angle": -22.5, "axis": "y", "origin": [3.625, 2, 8.0875]},
			"faces": {
				"north": {"uv": [4.484, 0.016, 0.016, 4.484], "texture": "#0", "tintindex": 0},
				"east": {"uv": [13.984, 11.016, 14.516, 14.984], "texture": "#0", "tintindex": 0},
				"south": {"uv": [4.484, 4.516, 0.016, 8.984], "texture": "#0", "tintindex": 0},
				"west": {"uv": [11.484, 0.016, 11.016, 3.984], "texture": "#0", "tintindex": 0},
				"up": {"uv": [10.016, 9.484, 14.484, 9.016], "texture": "#0", "tintindex": 0},
				"down": {"uv": [10.016, 9.516, 14.484, 9.984], "texture": "#0", "tintindex": 0}
			}
		},
		{
			"from": [3.52061, -11.03508, 9.675],
			"to": [6.52061, 0.96492, 9.925],
			"rotation": {"angle": -45, "axis": "z", "origin": [5.52061, -2.66008, 9.8]},
			"faces": {
				"north": {"uv": [13.984, 0.016, 12.516, 6.484], "texture": "#0", "tintindex": 0},
				"east": {"uv": [9.984, 6.016, 9.516, 12.484], "texture": "#0", "tintindex": 0},
				"south": {"uv": [12.516, 0.016, 13.984, 6.484], "texture": "#0", "tintindex": 0},
				"west": {"uv": [9.484, 6.016, 9.016, 12.484], "texture": "#0", "tintindex": 0},
				"up": {"uv": [11.516, 7.484, 12.484, 7.016], "texture": "#0", "tintindex": 0},
				"down": {"uv": [11.516, 7.516, 12.484, 7.984], "texture": "#0", "tintindex": 0}
			}
		},
		{
			"from": [-2.875, -3, 10.0539],
			"to": [6.125, 6, 10.1789],
			"rotation": {"angle": 22.5, "axis": "y", "origin": [3.625, 2, 10.1164]},
			"faces": {
				"north": {"uv": [0, 4.516, 4.468, 8.984], "texture": "#0", "tintindex": 0},
				"east": {"uv": [13.984, 11.016, 13.516, 14.984], "texture": "#0", "tintindex": 0},
				"south": {"uv": [0.016, 0.016, 4.484, 4.484], "texture": "#0", "tintindex": 0},
				"west": {"uv": [15.984, 0.016, 15.516, 4.484], "texture": "#0", "tintindex": 0},
				"up": {"uv": [10.016, 10.484, 14.484, 10.016], "texture": "#0", "tintindex": 0},
				"down": {"uv": [10.016, 10.516, 14.484, 10.984], "texture": "#0", "tintindex": 0}
			}
		},
		{
			"from": [-2.50862, -3, 5.63853],
			"to": [-2.38362, 6, 12.58853],
			"rotation": {"angle": 0, "axis": "y", "origin": [1.22888, 2, 9.68853]},
			"faces": {
				"north": {"uv": [15.984, 0.016, 15.516, 4.484], "texture": "#0", "tintindex": 0},
				"east": {"uv": [6.984, 9.016, 3.516, 13.484], "texture": "#0", "tintindex": 0},
				"south": {"uv": [15.984, 0.016, 15.516, 4.484], "texture": "#0", "tintindex": 0},
				"west": {"uv": [3.484, 9.016, 0.016, 13.484], "texture": "#0", "tintindex": 0},
				"up": {"uv": [11.516, 3.484, 11.984, 0.016], "texture": "#0", "tintindex": 0},
				"down": {"uv": [11.516, 3.516, 11.984, 6.984], "texture": "#0", "tintindex": 0}
			}
		}
	],
	"display": {
		"thirdperson_righthand": {
			"translation": [0, 1.5, -0.5],
			"scale": [0.5, 0.5, 0.5]
		},
		"thirdperson_lefthand": {
			"translation": [0, 1.5, -0.5],
			"scale": [0.5, 0.5, 0.5]
		},
		"firstperson_righthand": {
			"rotation": [0, -35, 0],
			"translation": [2, 8.25, 0],
			"scale": [0.55, 0.55, 0.55]
		},
		"firstperson_lefthand": {
			"rotation": [0, -35, 0],
			"translation": [2, 8.25, 0],
			"scale": [0.55, 0.55, 0.55]
		},
		"ground": {
			"translation": [0, 6.25, 0],
			"scale": [0.75, 0.75, 0.75]
		},
		"gui": {
			"rotation": [35, -135, 0],
			"translation": [0.5, 4, 0],
			"scale": [0.7, 0.7, 0.7]
		},
		"head": {
			"translation": [0, 14, 6]
		},
		"fixed": {
			"translation": [0, 7.75, -1.5],
			"scale": [1, 1, 0.64]
		}
	},
	"groups": [
		{
			"name": "BigribbonWhite",
			"origin": [8, 8, 8],
			"color": 0,
			"children": [0, 1, 2, 3, 4, 5, 6, 7, 8]
		}
	]
}