{
	"parent": "simplehats:item/hatparent",
	"texture_size": [64, 64],
	"textures": {
		"1": "simplehats:item/hats/spadesoldier"
	},
	"elements": [
		{
			"from": [2.0192, 0.159, 2.0542],
			"to": [13.9808, 17.038, 14.0158],
			"rotation": {"angle": 0, "axis": "y", "origin": [-5.6704, 0, -5.6704]},
			"faces": {
				"north": {"uv": [0.004, 4.504, 1.746, 6.96475], "texture": "#1", "tintindex": 0},
				"east": {"uv": [1.754, 4.504, 3.496, 6.996], "texture": "#1", "tintindex": 0},
				"south": {"uv": [3.504, 4.504, 5.246, 6.996], "texture": "#1", "tintindex": 0},
				"west": {"uv": [5.254, 4.504, 6.996, 6.996], "texture": "#1", "tintindex": 0},
				"up": {"uv": [7.996, 1.746, 6.254, 0.004], "texture": "#1", "tintindex": 0},
				"down": {"uv": [7.996, 1.754, 6.254, 3.496], "texture": "#1", "tintindex": 0}
			}
		},
		{
			"from": [2.0192, 0.024, 1.1998],
			"to": [13.9808, 13.6704, 13.1614],
			"rotation": {"angle": 0, "axis": "y", "origin": [-5.6704, 0, -5.6704]},
			"faces": {
				"north": {"uv": [0.004, 4.504, 1.746, 6.996], "texture": "#1", "tintindex": 0},
				"east": {"uv": [1.754, 4.504, 3.496, 6.996], "texture": "#1", "tintindex": 0},
				"south": {"uv": [3.504, 4.504, 5.246, 6.996], "texture": "#1", "tintindex": 0},
				"west": {"uv": [5.254, 4.504, 6.996, 6.996], "texture": "#1", "tintindex": 0},
				"up": {"uv": [7.996, 1.746, 6.254, 0.004], "texture": "#1", "tintindex": 0},
				"down": {"uv": [7.996, 1.754, 6.254, 3.496], "texture": "#1", "tintindex": 0}
			}
		},
		{
			"from": [2.0192, 0, 2.0542],
			"to": [13.9808, 13.6704, 14.0158],
			"rotation": {"angle": 0, "axis": "y", "origin": [-5.6704, 0, -5.6704]},
			"faces": {
				"north": {"uv": [0.004, 4.504, 1.746, 6.996], "texture": "#1", "tintindex": 0},
				"east": {"uv": [1.754, 4.504, 3.496, 6.996], "texture": "#1", "tintindex": 0},
				"south": {"uv": [3.504, 4.504, 5.246, 6.996], "texture": "#1", "tintindex": 0},
				"west": {"uv": [5.254, 4.504, 6.996, 6.996], "texture": "#1", "tintindex": 0},
				"up": {"uv": [7.996, 1.746, 6.254, 0.004], "texture": "#1", "tintindex": 0},
				"down": {"uv": [7.996, 1.754, 6.254, 3.496], "texture": "#1", "tintindex": 0}
			}
		},
		{
			"from": [1.97648, 10.2528, 0.3454],
			"to": [14.02352, 15.3792, 2.0542],
			"rotation": {"angle": 0, "axis": "y", "origin": [-5.6704, 0, -5.6704]},
			"faces": {
				"north": {"uv": [6.254, 3.504, 7.996, 4.246], "texture": "#1", "tintindex": 0},
				"east": {"uv": [5.754, 9.004, 5.996, 9.746], "texture": "#1"},
				"south": {"uv": [0.004, 7.004, 1.746, 7.746], "texture": "#1", "tintindex": 0},
				"west": {"uv": [6.004, 9.004, 6.246, 9.746], "texture": "#1", "tintindex": 0},
				"up": {"uv": [10.496, 3.996, 8.754, 3.754], "texture": "#1"},
				"down": {"uv": [10.746, 0.754, 9.004, 0.996], "texture": "#1", "tintindex": 0}
			}
		},
		{
			"from": [8.8544, 0, 0.3454],
			"to": [14.02352, 8.544, 2.0542],
			"rotation": {"angle": 0, "axis": "y", "origin": [-5.6704, 0, -5.6704]},
			"faces": {
				"north": {"uv": [4.004, 7.754, 4.746, 8.996], "texture": "#1", "tintindex": 0},
				"east": {"uv": [9.004, 1.004, 9.246, 2.246], "texture": "#1"},
				"south": {"uv": [4.754, 7.754, 5.496, 8.996], "texture": "#1", "tintindex": 0},
				"west": {"uv": [2.754, 9.004, 2.996, 10.246], "texture": "#1", "tintindex": 0},
				"up": {"uv": [6.996, 4.496, 6.254, 4.254], "texture": "#1"},
				"down": {"uv": [6.996, 9.004, 6.254, 9.246], "texture": "#1", "tintindex": 0}
			}
		},
		{
			"from": [1.97648, 0, 0.3454],
			"to": [7.1456, 8.616, 2.0542],
			"rotation": {"angle": 0, "axis": "y", "origin": [-5.6704, 0, -5.6704]},
			"faces": {
				"north": {"uv": [5.54375, 7.78125, 6.24375, 8.98125], "texture": "#1", "tintindex": 0},
				"east": {"uv": [3.025, 9.025, 3.225, 10.225], "texture": "#1"},
				"south": {"uv": [6.275, 7.775, 6.975, 8.975], "texture": "#1", "tintindex": 0},
				"west": {"uv": [3.275, 9.025, 3.475, 10.225], "texture": "#1", "tintindex": 0},
				"up": {"uv": [7.725, 9.225, 7.025, 9.025], "texture": "#1"},
				"down": {"uv": [8.475, 9.025, 7.775, 9.225], "texture": "#1", "tintindex": 0}
			}
		},
		{
			"from": [0.3104, 0, 0.3454],
			"to": [2.0192, 15.3792, 14.0158],
			"rotation": {"angle": 0, "axis": "y", "origin": [-5.6704, 0, -5.6704]},
			"faces": {
				"north": {"uv": [8.758, 0.008, 8.992, 2.242], "texture": "#1", "tintindex": 0},
				"east": {"uv": [2.258, 0.008, 4.242, 2.242], "texture": "#1"},
				"south": {"uv": [0.758, 8.758, 0.992, 10.992], "texture": "#1", "tintindex": 0},
				"west": {"uv": [2.258, 2.258, 4.242, 4.492], "texture": "#1", "tintindex": 0},
				"up": {"uv": [1.992, 10.992, 1.758, 9.008], "texture": "#1"},
				"down": {"uv": [2.242, 9.008, 2.008, 10.992], "texture": "#1", "tintindex": 0}
			}
		},
		{
			"from": [13.9808, 0, 0.3454],
			"to": [15.6896, 15.3792, 14.0158],
			"rotation": {"angle": 0, "axis": "y", "origin": [14.8352, 7.6896, 8]},
			"faces": {
				"north": {"uv": [3.754, 8.754, 3.996, 10.996], "texture": "#1", "tintindex": 0},
				"east": {"uv": [4.254, 0.004, 6.246, 2.246], "texture": "#1"},
				"south": {"uv": [1.504, 9.004, 1.746, 11.246], "texture": "#1", "tintindex": 0},
				"west": {"uv": [4.254, 2.254, 6.246, 4.496], "texture": "#1", "tintindex": 0},
				"up": {"uv": [2.496, 10.996, 2.254, 9.004], "texture": "#1"},
				"down": {"uv": [2.746, 9.004, 2.504, 10.996], "texture": "#1", "tintindex": 0}
			}
		},
		{
			"from": [0.3104, 0, 14.0158],
			"to": [15.6896, 15.3792, 15.7246],
			"rotation": {"angle": 0, "axis": "y", "origin": [-5.6704, 0, -5.6704]},
			"faces": {
				"north": {"uv": [0.004, 0.004, 2.246, 2.246], "texture": "#1", "tintindex": 0},
				"east": {"uv": [1.004, 8.754, 1.246, 10.996], "texture": "#1"},
				"south": {"uv": [0.004, 2.254, 2.246, 4.496], "texture": "#1", "tintindex": 0},
				"west": {"uv": [1.254, 8.754, 1.496, 10.996], "texture": "#1", "tintindex": 0},
				"up": {"uv": [10.246, 4.246, 8.004, 4.004], "texture": "#1"},
				"down": {"uv": [3.746, 8.754, 1.504, 8.996], "texture": "#1", "tintindex": 0}
			}
		},
		{
			"from": [15.6896, 6.8352, 5.4718],
			"to": [27.6512, 11.9616, 10.5982],
			"rotation": {"angle": 0, "axis": "y", "origin": [-5.6704, 0, -5.6704]},
			"faces": {
				"north": {"uv": [1.754, 7.004, 3.496, 7.746], "texture": "#1"},
				"east": {"uv": [8.754, 2.254, 9.496, 2.996], "texture": "#1"},
				"south": {"uv": [3.504, 7.004, 5.246, 7.746], "texture": "#1"},
				"west": {"uv": [8.754, 3.004, 9.496, 3.746], "texture": "#1"},
				"up": {"uv": [8.746, 4.996, 7.004, 4.254], "texture": "#1"},
				"down": {"uv": [8.746, 5.004, 7.004, 5.746], "texture": "#1"}
			}
		},
		{
			"from": [-11.6512, 6.8352, 5.4718],
			"to": [0.3104, 11.9616, 10.5982],
			"rotation": {"angle": 0, "axis": "y", "origin": [-5.6704, 0, -5.6704]},
			"faces": {
				"north": {"uv": [5.254, 7.004, 6.996, 7.746], "texture": "#1"},
				"east": {"uv": [8.754, 4.254, 9.496, 4.996], "texture": "#1"},
				"south": {"uv": [7.004, 5.754, 8.746, 6.496], "texture": "#1"},
				"west": {"uv": [8.754, 5.004, 9.496, 5.746], "texture": "#1"},
				"up": {"uv": [8.746, 7.246, 7.004, 6.504], "texture": "#1"},
				"down": {"uv": [8.746, 7.254, 7.004, 7.996], "texture": "#1"}
			}
		},
		{
			"from": [-11.6512, 11.91888, 5.4718],
			"to": [-6.5248, 18.75408, 10.5982],
			"rotation": {"angle": 0, "axis": "y", "origin": [-5.6704, 0, -5.6704]},
			"faces": {
				"north": {"uv": [8.004, 0.004, 8.746, 0.996], "texture": "#1"},
				"east": {"uv": [8.004, 1.004, 8.746, 1.996], "texture": "#1"},
				"south": {"uv": [8.004, 2.004, 8.746, 2.996], "texture": "#1"},
				"west": {"uv": [8.004, 3.004, 8.746, 3.996], "texture": "#1"},
				"up": {"uv": [9.496, 6.496, 8.754, 5.754], "texture": "#1"},
				"down": {"uv": [9.496, 6.504, 8.754, 7.246], "texture": "#1"}
			}
		},
		{
			"from": [22.5248, 11.91888, 5.4718],
			"to": [27.6512, 18.75408, 10.5982],
			"rotation": {"angle": 0, "axis": "y", "origin": [-5.6704, 0, -5.6704]},
			"faces": {
				"north": {"uv": [7.004, 8.004, 7.746, 8.996],